{
  "App Engine": {
    "service_name": "App Engine",
    "sample_count": 5023,
    "cpu": {
      "mean": 0.503553075851085,
      "median": 0.4993,
      "std": 0.2869311991134582,
      "min": 0.0003,
      "max": 0.9997,
      "q25": 0.26005,
      "q50": 0.4993,
      "q75": 0.7519
    },
    "memory": {
      "mean": 0.49249167827991236,
      "median": 0.48840000000000006,
      "std": 0.28936737131520235,
      "min": 0.0002,
      "max": 0.9998,
      "q25": 0.23765,
      "q50": 0.48840000000000006,
      "q75": 0.74915
    }
  },
  "Artifact Registry": {
    "service_name": "Artifact Registry",
    "sample_count": 6421,
    "cpu": {
      "mean": 0.492125369880081,
      "median": 0.493,
      "std": 0.29162451099107917,
      "min": 0.0003,
      "max": 1.0,
      "q25": 0.2347,
      "q50": 0.493,
      "q75": 0.7495
    },
    "memory": {
      "mean": 0.500055411929606,
      "median": 0.5031,
      "std": 0.28847550814811634,
      "min": 0.0002,
      "max": 0.9998999999999999,
      "q25": 0.2516,
      "q50": 0.5031,
      "q75": 0.7473000000000001
    }
  },
  "BigQuery": {
    "service_name": "BigQuery",
    "sample_count": 5083,
    "cpu": {
      "mean": 0.49892789691127293,
      "median": 0.5053,
      "std": 0.28714866516832904,
      "min": 0.0002,
      "max": 0.9998,
      "q25": 0.24769999999999998,
      "q50": 0.5053,
      "q75": 0.74325
    },
    "memory": {
      "mean": 0.5038988392681488,
      "median": 0.5073,
      "std": 0.2898721791694142,
      "min": 0.0003,
      "max": 0.9997,
      "q25": 0.25595,
      "q50": 0.5073,
      "q75": 0.7532
    }
  },
  "Cloud Armor": {
    "service_name": "Cloud Armor",
    "sample_count": 5109,
    "cpu": {
      "mean": 0.4969589743589744,
      "median": 0.4978,
      "std": 0.2908175610478612,
      "min": 0.0001,
      "max": 1.0,
      "q25": 0.237,
      "q50": 0.4978,
      "q75": 0.7487999999999999
    },
    "memory": {
      "mean": 0.4988009982384029,
      "median": 0.4902,
      "std": 0.29151239369592824,
      "min": 0.0004,
      "max": 0.9994,
      "q25": 0.2521,
      "q50": 0.4902,
      "q75": 0.7556999999999999
    }
  },
  "Cloud Build": {
    "service_name": "Cloud Build",
    "sample_count": 3543,
    "cpu": {
      "mean": 0.5066448207733559,
      "median": 0.5185,
      "std": 0.2882397822720928,
      "min": 0.0002,
      "max": 0.9998999999999999,
      "q25": 0.25615,
      "q50": 0.5185,
      "q75": 0.7555
    },
    "memory": {
      "mean": 0.505592718035563,
      "median": 0.512,
      "std": 0.28648170442671916,
      "min": 0.0005,
      "max": 0.9995999999999999,
      "q25": 0.25875000000000004,
      "q50": 0.512,
      "q75": 0.7479499999999999
    }
  },
  "Cloud CDN": {
    "service_name": "Cloud CDN",
    "sample_count": 4633,
    "cpu": {
      "mean": 0.5033830563349881,
      "median": 0.5017,
      "std": 0.28991562775676616,
      "min": 0.0004,
      "max": 0.9998,
      "q25": 0.2572,
      "q50": 0.5017,
      "q75": 0.7537
    },
    "memory": {
      "mean": 0.5048206777466006,
      "median": 0.5072,
      "std": 0.2882127033988795,
      "min": 0.0002,
      "max": 0.9997,
      "q25": 0.255,
      "q50": 0.5072,
      "q75": 0.757
    }
  },
  "Cloud Dataflow": {
    "service_name": "Cloud Dataflow",
    "sample_count": 5546,
    "cpu": {
      "mean": 0.5013397403534079,
      "median": 0.5027999999999999,
      "std": 0.286871995904944,
      "min": 0.0001,
      "max": 0.9995,
      "q25": 0.255325,
      "q50": 0.5027999999999999,
      "q75": 0.7519750000000001
    },
    "memory": {
      "mean": 0.4953203570140642,
      "median": 0.49429999999999996,
      "std": 0.2882132124344165,
      "min": 0.0002,
      "max": 1.0,
      "q25": 0.244425,
      "q50": 0.49429999999999996,
      "q75": 0.742
    }
  },
  "Cloud Dataproc": {
    "service_name": "Cloud Dataproc",
    "sample_count": 4338,
    "cpu": {
      "mean": 0.4979788151221762,
      "median": 0.49505,
      "std": 0.2908981673908513,
      "min": 0.0006,
      "max": 0.9998999999999999,
      "q25": 0.24895,
      "q50": 0.49505,
      "q75": 0.750025
    },
    "memory": {
      "mean": 0.5030080682342093,
      "median": 0.502,
      "std": 0.29109546570486805,
      "min": 0.0001,
      "max": 1.0,
      "q25": 0.250625,
      "q50": 0.502,
      "q75": 0.7578
    }
  },
  "Cloud Filestore": {
    "service_name": "Cloud Filestore",
    "sample_count": 6095,
    "cpu": {
      "mean": 0.49804357670221494,
      "median": 0.4975,
      "std": 0.28875799870460567,
      "min": 0.0003,
      "max": 0.9995999999999999,
      "q25": 0.24665,
      "q50": 0.4975,
      "q75": 0.7443000000000001
    },
    "memory": {
      "mean": 0.5024869893355209,
      "median": 0.4962,
      "std": 0.2875000055131217,
      "min": 0.0005,
      "max": 0.9995999999999999,
      "q25": 0.25775,
      "q50": 0.4962,
      "q75": 0.7553000000000001
    }
  },
  "Cloud Functions": {
    "service_name": "Cloud Functions",
    "sample_count": 5335,
    "cpu": {
      "mean": 0.5066284348641049,
      "median": 0.5085000000000001,
      "std": 0.2889688010012272,
      "min": 0.0001,
      "max": 0.9998999999999999,
      "q25": 0.2528,
      "q50": 0.5085000000000001,
      "q75": 0.76305
    },
    "memory": {
      "mean": 0.4988942268041237,
      "median": 0.501,
      "std": 0.290546058844585,
      "min": 0.0001,
      "max": 0.9998999999999999,
      "q25": 0.24475,
      "q50": 0.501,
      "q75": 0.7564
    }
  },
  "Cloud Logging": {
    "service_name": "Cloud Logging",
    "sample_count": 5827,
    "cpu": {
      "mean": 0.49860024026085464,
      "median": 0.4975,
      "std": 0.28877405328672023,
      "min": 0.0001,
      "max": 0.9995,
      "q25": 0.2495,
      "q50": 0.4975,
      "q75": 0.7466999999999999
    },
    "memory": {
      "mean": 0.49991874034666206,
      "median": 0.49979999999999997,
      "std": 0.2915664848771145,
      "min": 0.0003,
      "max": 0.9998,
      "q25": 0.2474,
      "q50": 0.49979999999999997,
      "q75": 0.7535499999999999
    }
  },
  "Cloud Memorystore": {
    "service_name": "Cloud Memorystore",
    "sample_count": 4688,
    "cpu": {
      "mean": 0.5031502559726962,
      "median": 0.5068,
      "std": 0.28979776777711164,
      "min": 0.0001,
      "max": 1.0,
      "q25": 0.248575,
      "q50": 0.5068,
      "q75": 0.7568
    },
    "memory": {
      "mean": 0.5036309513651877,
      "median": 0.5123,
      "std": 0.2894133349567919,
      "min": 0.0003,
      "max": 0.9995999999999999,
      "q25": 0.2521,
      "q50": 0.5123,
      "q75": 0.7545000000000001
    }
  },
  "Cloud Monitoring": {
    "service_name": "Cloud Monitoring",
    "sample_count": 5783,
    "cpu": {
      "mean": 0.5004572540204046,
      "median": 0.5009,
      "std": 0.2884698256253118,
      "min": 0.0001,
      "max": 0.9995999999999999,
      "q25": 0.2487,
      "q50": 0.5009,
      "q75": 0.75265
    },
    "memory": {
      "mean": 0.5007223413453226,
      "median": 0.4974,
      "std": 0.28940165222674535,
      "min": 0.0001,
      "max": 0.9995,
      "q25": 0.2524,
      "q50": 0.4974,
      "q75": 0.75335
    }
  },
  "Cloud Pub/Sub": {
    "service_name": "Cloud Pub/Sub",
    "sample_count": 5156,
    "cpu": {
      "mean": 0.49813919705197834,
      "median": 0.49695,
      "std": 0.2889467272807586,
      "min": 0.0001,
      "max": 0.9998999999999999,
      "q25": 0.25167500000000004,
      "q50": 0.49695,
      "q75": 0.7474999999999999
    },
    "memory": {
      "mean": 0.4977195888285493,
      "median": 0.49524999999999997,
      "std": 0.28764245797816823,
      "min": 0.0003,
      "max": 0.9995999999999999,
      "q25": 0.2489,
      "q50": 0.49524999999999997,
      "q75": 0.747775
    }
  },
  "Cloud Run": {
    "service_name": "Cloud Run",
    "sample_count": 4674,
    "cpu": {
      "mean": 0.5052744330338039,
      "median": 0.51305,
      "std": 0.2885456961195982,
      "min": 0.0001,